case_id,dataset,trip_id,case_type,gt_frame,alert_frame,prev_identity,new_identity,decision_baseline,decision_memory,coincide_baseline_memory,n_frames_mostrados,note
1,reviewed_07,1211591784531990,FP_MEMORY,,37,,,Sin CAMBIO_CONFIRMADO en la ventana,CAMBIO_CONFIRMADO en frame #37,False,19,FP estricto: Prototype Memory confirmo CAMBIO_CONFIRMADO sin GT cercano (ventana=3)
2,reviewed_07,1052681784565850,FP_MEMORY,,2,,,Sin CAMBIO_CONFIRMADO en la ventana,CAMBIO_CONFIRMADO en frame #2,False,37,FP estricto: Prototype Memory confirmo CAMBIO_CONFIRMADO sin GT cercano (ventana=3)
3,reviewed_07,1066451784396920,FP_MEMORY,,76,,,Sin CAMBIO_CONFIRMADO en la ventana,CAMBIO_CONFIRMADO en frame #76,False,18,FP estricto: Prototype Memory confirmo CAMBIO_CONFIRMADO sin GT cercano (ventana=3)
4,reviewed_07,1214471784190100,FP_MEMORY,,104,,,Sin CAMBIO_CONFIRMADO en la ventana,CAMBIO_CONFIRMADO en frame #104,False,48,FP estricto: Prototype Memory confirmo CAMBIO_CONFIRMADO sin GT cercano (ventana=3)
5,reviewed_07,1214471784190100,FP_MEMORY,,116,,,Sin CAMBIO_CONFIRMADO en la ventana,CAMBIO_CONFIRMADO en frame #116,False,25,FP estricto: Prototype Memory confirmo CAMBIO_CONFIRMADO sin GT cercano (ventana=3)
6,reviewed_07,1214441784340640,FP_MEMORY,,3,,,CAMBIO_CONFIRMADO en frame #2,CAMBIO_CONFIRMADO en frame #3,True,64,FP estricto: Prototype Memory confirmo CAMBIO_CONFIRMADO sin GT cercano (ventana=3)
7,reviewed_07,1214441784340640,FP_MEMORY,,78,,,Sin CAMBIO_CONFIRMADO en la ventana,CAMBIO_CONFIRMADO en frame #78,False,33,FP estricto: Prototype Memory confirmo CAMBIO_CONFIRMADO sin GT cercano (ventana=3)
8,reviewed_07,1066271783581860,FP_MEMORY,,8,,,Sin CAMBIO_CONFIRMADO en la ventana,CAMBIO_CONFIRMADO en frame #8,False,82,FP estricto: Prototype Memory confirmo CAMBIO_CONFIRMADO sin GT cercano (ventana=3)
9,reviewed_07,1214411782938890,FP_MEMORY,,29,,,CAMBIO_CONFIRMADO en frame #23,CAMBIO_CONFIRMADO en frame #29,False,126,FP estricto: Prototype Memory confirmo CAMBIO_CONFIRMADO sin GT cercano (ventana=3)
10,reviewed_07,1214291784061220,FP_MEMORY,,43,,,Sin CAMBIO_CONFIRMADO en la ventana,CAMBIO_CONFIRMADO en frame #43,False,22,FP estricto: Prototype Memory confirmo CAMBIO_CONFIRMADO sin GT cercano (ventana=3)
11,reviewed_07,1065621784713660,FP_MEMORY,,5,,,Sin CAMBIO_CONFIRMADO en la ventana,CAMBIO_CONFIRMADO en frame #5,False,18,FP estricto: Prototype Memory confirmo CAMBIO_CONFIRMADO sin GT cercano (ventana=3)
12,reviewed_07,1052541783501260,FP_MEMORY,,28,,,Sin CAMBIO_CONFIRMADO en la ventana,CAMBIO_CONFIRMADO en frame #28,False,52,FP estricto: Prototype Memory confirmo CAMBIO_CONFIRMADO sin GT cercano (ventana=3)
13,reviewed_07,1211591784157770,FP_MEMORY,,12,,,Sin CAMBIO_CONFIRMADO en la ventana,CAMBIO_CONFIRMADO en frame #12,False,75,FP estricto: Prototype Memory confirmo CAMBIO_CONFIRMADO sin GT cercano (ventana=3)
14,reviewed_07,1062841784846960,FP_MEMORY,,6,,,Sin CAMBIO_CONFIRMADO en la ventana,CAMBIO_CONFIRMADO en frame #6,False,25,FP estricto: Prototype Memory confirmo CAMBIO_CONFIRMADO sin GT cercano (ventana=3)
15,reviewed_07,1062841784846960,FP_MEMORY,,10,,,Sin CAMBIO_CONFIRMADO en la ventana,CAMBIO_CONFIRMADO en frame #10,False,30,FP estricto: Prototype Memory confirmo CAMBIO_CONFIRMADO sin GT cercano (ventana=3)
16,reviewed_07,1211261784361700,FP_MEMORY,,2,,,Sin CAMBIO_CONFIRMADO en la ventana,CAMBIO_CONFIRMADO en frame #2,False,157,FP estricto: Prototype Memory confirmo CAMBIO_CONFIRMADO sin GT cercano (ventana=3)
17,reviewed_07,1211311784606480,FP_MEMORY,,42,,,Sin CAMBIO_CONFIRMADO en la ventana,CAMBIO_CONFIRMADO en frame #42,False,71,FP estricto: Prototype Memory confirmo CAMBIO_CONFIRMADO sin GT cercano (ventana=3)
18,reviewed_07,1214421783794510,FP_MEMORY,,3,,,CAMBIO_CONFIRMADO en frame #9,CAMBIO_CONFIRMADO en frame #3,False,20,FP estricto: Prototype Memory confirmo CAMBIO_CONFIRMADO sin GT cercano (ventana=3)
19,reviewed_07,1213851784795040,FP_MEMORY,,3,,,Sin CAMBIO_CONFIRMADO en la ventana,CAMBIO_CONFIRMADO en frame #3,False,50,FP estricto: Prototype Memory confirmo CAMBIO_CONFIRMADO sin GT cercano (ventana=3)
20,reviewed_07,1250361784067000,FP_MEMORY,,118,,,Sin CAMBIO_CONFIRMADO en la ventana,CAMBIO_CONFIRMADO en frame #118,False,37,FP estricto: Prototype Memory confirmo CAMBIO_CONFIRMADO sin GT cercano (ventana=3)
21,reviewed_07,1250361784067000,FP_MEMORY,,121,,,Sin CAMBIO_CONFIRMADO en la ventana,CAMBIO_CONFIRMADO en frame #121,False,37,FP estricto: Prototype Memory confirmo CAMBIO_CONFIRMADO sin GT cercano (ventana=3)
22,reviewed_07,1236111784827880,FP_MEMORY,,4,,,Sin CAMBIO_CONFIRMADO en la ventana,CAMBIO_CONFIRMADO en frame #4,False,16,FP estricto: Prototype Memory confirmo CAMBIO_CONFIRMADO sin GT cercano (ventana=3)
23,reviewed_07,1211381784456180,FP_MEMORY,,20,,,Sin CAMBIO_CONFIRMADO en la ventana,CAMBIO_CONFIRMADO en frame #20,False,21,FP estricto: Prototype Memory confirmo CAMBIO_CONFIRMADO sin GT cercano (ventana=3)
24,reviewed_07,1062841784835060,FP_MEMORY,,2,,,Sin CAMBIO_CONFIRMADO en la ventana,CAMBIO_CONFIRMADO en frame #2,False,14,FP estricto: Prototype Memory confirmo CAMBIO_CONFIRMADO sin GT cercano (ventana=3)
25,reviewed_07,1236161784409090,FP_MEMORY,,2,,,Sin CAMBIO_CONFIRMADO en la ventana,CAMBIO_CONFIRMADO en frame #2,False,14,FP estricto: Prototype Memory confirmo CAMBIO_CONFIRMADO sin GT cercano (ventana=3)
26,reviewed_07,1206561783589900,FP_MEMORY,,3,,,Sin CAMBIO_CONFIRMADO en la ventana,CAMBIO_CONFIRMADO en frame #3,False,18,FP estricto: Prototype Memory confirmo CAMBIO_CONFIRMADO sin GT cercano (ventana=3)
27,reviewed_07,1065911783623710,FP_MEMORY,,130,,,Sin CAMBIO_CONFIRMADO en la ventana,CAMBIO_CONFIRMADO en frame #130,False,21,FP estricto: Prototype Memory confirmo CAMBIO_CONFIRMADO sin GT cercano (ventana=3)
28,reviewed_07,1065911783623710,FP_MEMORY,,135,,,Sin CAMBIO_CONFIRMADO en la ventana,CAMBIO_CONFIRMADO en frame #135,False,32,FP estricto: Prototype Memory confirmo CAMBIO_CONFIRMADO sin GT cercano (ventana=3)
29,reviewed_07,1245861784439850,FP_MEMORY,,2,,,Sin CAMBIO_CONFIRMADO en la ventana,CAMBIO_CONFIRMADO en frame #2,False,13,FP estricto: Prototype Memory confirmo CAMBIO_CONFIRMADO sin GT cercano (ventana=3)
30,reviewed_07,1066461783391280,FP_MEMORY,,9,,,Sin CAMBIO_CONFIRMADO en la ventana,CAMBIO_CONFIRMADO en frame #9,False,280,FP estricto: Prototype Memory confirmo CAMBIO_CONFIRMADO sin GT cercano (ventana=3)
31,reviewed_07,1211281784589360,FP_MEMORY,,12,,,Sin CAMBIO_CONFIRMADO en la ventana,CAMBIO_CONFIRMADO en frame #12,False,49,FP estricto: Prototype Memory confirmo CAMBIO_CONFIRMADO sin GT cercano (ventana=3)
32,reviewed_07,1211281784589360,FP_MEMORY,,17,,,Sin CAMBIO_CONFIRMADO en la ventana,CAMBIO_CONFIRMADO en frame #17,False,50,FP estricto: Prototype Memory confirmo CAMBIO_CONFIRMADO sin GT cercano (ventana=3)
33,reviewed_07,1250371783101550,FP_MEMORY,,2,,,Sin CAMBIO_CONFIRMADO en la ventana,CAMBIO_CONFIRMADO en frame #2,False,62,FP estricto: Prototype Memory confirmo CAMBIO_CONFIRMADO sin GT cercano (ventana=3)
34,reviewed_07,1066431784475760,FP_MEMORY,,3,,,Sin CAMBIO_CONFIRMADO en la ventana,CAMBIO_CONFIRMADO en frame #3,False,30,FP estricto: Prototype Memory confirmo CAMBIO_CONFIRMADO sin GT cercano (ventana=3)
35,reviewed_07,1066121784771700,FP_MEMORY,,3,,,Sin CAMBIO_CONFIRMADO en la ventana,CAMBIO_CONFIRMADO en frame #3,False,16,FP estricto: Prototype Memory confirmo CAMBIO_CONFIRMADO sin GT cercano (ventana=3)
36,reviewed_07,1065641784300750,FP_MEMORY,,98,,,CAMBIO_CONFIRMADO en frame #100,CAMBIO_CONFIRMADO en frame #98,True,20,FP estricto: Prototype Memory confirmo CAMBIO_CONFIRMADO sin GT cercano (ventana=3)
37,reviewed_07,1062841784741090,FP_MEMORY,,3,,,Sin CAMBIO_CONFIRMADO en la ventana,CAMBIO_CONFIRMADO en frame #3,False,28,FP estricto: Prototype Memory confirmo CAMBIO_CONFIRMADO sin GT cercano (ventana=3)
38,reviewed_07,1065911783154940,FP_MEMORY,,20,,,CAMBIO_CONFIRMADO en frame #21,CAMBIO_CONFIRMADO en frame #20,True,100,FP estricto: Prototype Memory confirmo CAMBIO_CONFIRMADO sin GT cercano (ventana=3)
39,reviewed_07,1250401784378620,FP_MEMORY,,2,,,Sin CAMBIO_CONFIRMADO en la ventana,CAMBIO_CONFIRMADO en frame #2,False,15,FP estricto: Prototype Memory confirmo CAMBIO_CONFIRMADO sin GT cercano (ventana=3)
40,reviewed_07,1062851783169330,FP_MEMORY,,9,,,Sin CAMBIO_CONFIRMADO en la ventana,CAMBIO_CONFIRMADO en frame #9,False,24,FP estricto: Prototype Memory confirmo CAMBIO_CONFIRMADO sin GT cercano (ventana=3)
41,reviewed_07,1214421783813480,FP_MEMORY,,78,,,Sin CAMBIO_CONFIRMADO en la ventana,CAMBIO_CONFIRMADO en frame #78,False,9,FP estricto: Prototype Memory confirmo CAMBIO_CONFIRMADO sin GT cercano (ventana=3)
42,reviewed_07,1052671784811920,FP_MEMORY,,59,,,Sin CAMBIO_CONFIRMADO en la ventana,CAMBIO_CONFIRMADO en frame #59,False,68,FP estricto: Prototype Memory confirmo CAMBIO_CONFIRMADO sin GT cercano (ventana=3)
43,reviewed_07,1052651784842650,FP_MEMORY,,4,,,Sin CAMBIO_CONFIRMADO en la ventana,CAMBIO_CONFIRMADO en frame #4,False,17,FP estricto: Prototype Memory confirmo CAMBIO_CONFIRMADO sin GT cercano (ventana=3)
44,reviewed_07,1211381783360930,FP_MEMORY,,81,,,Sin CAMBIO_CONFIRMADO en la ventana,CAMBIO_CONFIRMADO en frame #81,False,25,FP estricto: Prototype Memory confirmo CAMBIO_CONFIRMADO sin GT cercano (ventana=3)
45,reviewed_07,1214371783089590,FP_MEMORY,,2,,,Sin CAMBIO_CONFIRMADO en la ventana,CAMBIO_CONFIRMADO en frame #2,False,46,FP estricto: Prototype Memory confirmo CAMBIO_CONFIRMADO sin GT cercano (ventana=3)
46,reviewed_07,1236121784399350,FP_MEMORY,,12,,,Sin CAMBIO_CONFIRMADO en la ventana,CAMBIO_CONFIRMADO en frame #12,False,18,FP estricto: Prototype Memory confirmo CAMBIO_CONFIRMADO sin GT cercano (ventana=3)
47,reviewed_07,1236131784367680,FP_MEMORY,,174,,,Sin CAMBIO_CONFIRMADO en la ventana,CAMBIO_CONFIRMADO en frame #174,False,18,FP estricto: Prototype Memory confirmo CAMBIO_CONFIRMADO sin GT cercano (ventana=3)
48,reviewed_07,1236131784367680,FP_MEMORY,,176,,,Sin CAMBIO_CONFIRMADO en la ventana,CAMBIO_CONFIRMADO en frame #176,False,16,FP estricto: Prototype Memory confirmo CAMBIO_CONFIRMADO sin GT cercano (ventana=3)
49,reviewed_07,1066451784361540,FP_MEMORY,,7,,,Sin CAMBIO_CONFIRMADO en la ventana,CAMBIO_CONFIRMADO en frame #7,False,74,FP estricto: Prototype Memory confirmo CAMBIO_CONFIRMADO sin GT cercano (ventana=3)
50,reviewed_07,1214161783549580,FP_MEMORY,,25,,,Sin CAMBIO_CONFIRMADO en la ventana,CAMBIO_CONFIRMADO en frame #25,False,73,FP estricto: Prototype Memory confirmo CAMBIO_CONFIRMADO sin GT cercano (ventana=3)
51,reviewed_07,1236121783963340,FP_MEMORY,,3,,,Sin CAMBIO_CONFIRMADO en la ventana,CAMBIO_CONFIRMADO en frame #3,False,54,FP estricto: Prototype Memory confirmo CAMBIO_CONFIRMADO sin GT cercano (ventana=3)
52,reviewed_07,1211381783318290,FP_MEMORY,,93,,,Sin CAMBIO_CONFIRMADO en la ventana,CAMBIO_CONFIRMADO en frame #93,False,19,FP estricto: Prototype Memory confirmo CAMBIO_CONFIRMADO sin GT cercano (ventana=3)
53,reviewed_07,1211381783318290,FP_MEMORY,,103,,,Sin CAMBIO_CONFIRMADO en la ventana,CAMBIO_CONFIRMADO en frame #103,False,19,FP estricto: Prototype Memory confirmo CAMBIO_CONFIRMADO sin GT cercano (ventana=3)
54,reviewed_07,1065681784651550,FP_MEMORY,,2,,,Sin CAMBIO_CONFIRMADO en la ventana,CAMBIO_CONFIRMADO en frame #2,False,93,FP estricto: Prototype Memory confirmo CAMBIO_CONFIRMADO sin GT cercano (ventana=3)
55,reviewed_07,1213951783642920,FP_MEMORY,,85,,,Sin CAMBIO_CONFIRMADO en la ventana,CAMBIO_CONFIRMADO en frame #85,False,18,FP estricto: Prototype Memory confirmo CAMBIO_CONFIRMADO sin GT cercano (ventana=3)
56,reviewed_07,1214311782940460,FP_MEMORY,,76,,,CAMBIO_CONFIRMADO en frame #68,CAMBIO_CONFIRMADO en frame #76,False,91,FP estricto: Prototype Memory confirmo CAMBIO_CONFIRMADO sin GT cercano (ventana=3)
57,reviewed_07,1211591784630190,FP_MEMORY,,102,,,Sin CAMBIO_CONFIRMADO en la ventana,CAMBIO_CONFIRMADO en frame #102,False,35,FP estricto: Prototype Memory confirmo CAMBIO_CONFIRMADO sin GT cercano (ventana=3)
58,reviewed_07,1211591784630190,FP_MEMORY,,104,,,Sin CAMBIO_CONFIRMADO en la ventana,CAMBIO_CONFIRMADO en frame #104,False,31,FP estricto: Prototype Memory confirmo CAMBIO_CONFIRMADO sin GT cercano (ventana=3)
59,reviewed_07,1214371784607680,FP_MEMORY,,414,,,Sin CAMBIO_CONFIRMADO en la ventana,CAMBIO_CONFIRMADO en frame #414,False,39,FP estricto: Prototype Memory confirmo CAMBIO_CONFIRMADO sin GT cercano (ventana=3)
60,reviewed_07,1214371784607680,FP_MEMORY,,417,,,Sin CAMBIO_CONFIRMADO en la ventana,CAMBIO_CONFIRMADO en frame #417,False,42,FP estricto: Prototype Memory confirmo CAMBIO_CONFIRMADO sin GT cercano (ventana=3)
61,random_04,717021775054869,FP_MEMORY,,56,,,CAMBIO_CONFIRMADO en frame #57,CAMBIO_CONFIRMADO en frame #56,True,29,FP estricto: Prototype Memory confirmo CAMBIO_CONFIRMADO sin GT cercano (ventana=3)
62,random_04,717021775054869,FP_MEMORY,,59,,,CAMBIO_CONFIRMADO en frame #57,CAMBIO_CONFIRMADO en frame #59,True,26,FP estricto: Prototype Memory confirmo CAMBIO_CONFIRMADO sin GT cercano (ventana=3)
63,random_04,717021775054869,FP_MEMORY,,85,,,CAMBIO_CONFIRMADO en frame #86,CAMBIO_CONFIRMADO en frame #85,True,30,FP estricto: Prototype Memory confirmo CAMBIO_CONFIRMADO sin GT cercano (ventana=3)
64,random_04,717021775054869,FP_MEMORY,,91,,,CAMBIO_CONFIRMADO en frame #86,CAMBIO_CONFIRMADO en frame #91,True,9,FP estricto: Prototype Memory confirmo CAMBIO_CONFIRMADO sin GT cercano (ventana=3)
65,random_04,1866471775146080,FP_MEMORY,,2,,,Sin CAMBIO_CONFIRMADO en la ventana,CAMBIO_CONFIRMADO en frame #2,False,39,FP estricto: Prototype Memory confirmo CAMBIO_CONFIRMADO sin GT cercano (ventana=3)
66,random_04,1867151775185070,FP_MEMORY,,4,,,Sin CAMBIO_CONFIRMADO en la ventana,CAMBIO_CONFIRMADO en frame #4,False,71,FP estricto: Prototype Memory confirmo CAMBIO_CONFIRMADO sin GT cercano (ventana=3)
67,random_04,1852761775042780,FP_MEMORY,,64,,,Sin CAMBIO_CONFIRMADO en la ventana,CAMBIO_CONFIRMADO en frame #64,False,11,FP estricto: Prototype Memory confirmo CAMBIO_CONFIRMADO sin GT cercano (ventana=3)
68,random_04,1236121775057117,FP_MEMORY,,3,,,Sin CAMBIO_CONFIRMADO en la ventana,CAMBIO_CONFIRMADO en frame #3,False,62,FP estricto: Prototype Memory confirmo CAMBIO_CONFIRMADO sin GT cercano (ventana=3)
69,random_04,1509291775178980,FP_MEMORY,,2,,,Sin CAMBIO_CONFIRMADO en la ventana,CAMBIO_CONFIRMADO en frame #2,False,16,FP estricto: Prototype Memory confirmo CAMBIO_CONFIRMADO sin GT cercano (ventana=3)
70,random_04,1866731775035702,FP_MEMORY,,6,,,Sin CAMBIO_CONFIRMADO en la ventana,CAMBIO_CONFIRMADO en frame #6,False,24,FP estricto: Prototype Memory confirmo CAMBIO_CONFIRMADO sin GT cercano (ventana=3)
71,random_04,1866731775035702,FP_MEMORY,,8,,,Sin CAMBIO_CONFIRMADO en la ventana,CAMBIO_CONFIRMADO en frame #8,False,25,FP estricto: Prototype Memory confirmo CAMBIO_CONFIRMADO sin GT cercano (ventana=3)
72,random_04,716671775240518,FP_MEMORY,,54,,,Sin CAMBIO_CONFIRMADO en la ventana,CAMBIO_CONFIRMADO en frame #54,False,103,FP estricto: Prototype Memory confirmo CAMBIO_CONFIRMADO sin GT cercano (ventana=3)
73,random_04,1821221776505192,FP_MEMORY,,5,,,Sin CAMBIO_CONFIRMADO en la ventana,CAMBIO_CONFIRMADO en frame #5,False,82,FP estricto: Prototype Memory confirmo CAMBIO_CONFIRMADO sin GT cercano (ventana=3)
74,random_04,717111775209843,FP_MEMORY,,10,,,Sin CAMBIO_CONFIRMADO en la ventana,CAMBIO_CONFIRMADO en frame #10,False,20,FP estricto: Prototype Memory confirmo CAMBIO_CONFIRMADO sin GT cercano (ventana=3)
75,random_04,1790311775105412,FP_MEMORY,,3,,,Sin CAMBIO_CONFIRMADO en la ventana,CAMBIO_CONFIRMADO en frame #3,False,54,FP estricto: Prototype Memory confirmo CAMBIO_CONFIRMADO sin GT cercano (ventana=3)
76,random_04,716971775050171,FP_MEMORY,,13,,,Sin CAMBIO_CONFIRMADO en la ventana,CAMBIO_CONFIRMADO en frame #13,False,77,FP estricto: Prototype Memory confirmo CAMBIO_CONFIRMADO sin GT cercano (ventana=3)
77,random_04,1236131775556075,FP_MEMORY,,3,,,Sin CAMBIO_CONFIRMADO en la ventana,CAMBIO_CONFIRMADO en frame #3,False,36,FP estricto: Prototype Memory confirmo CAMBIO_CONFIRMADO sin GT cercano (ventana=3)
78,random_04,1618671775021611,FP_MEMORY,,2,,,Sin CAMBIO_CONFIRMADO en la ventana,CAMBIO_CONFIRMADO en frame #2,False,17,FP estricto: Prototype Memory confirmo CAMBIO_CONFIRMADO sin GT cercano (ventana=3)
79,random_04,1866611775027769,FP_MEMORY,,2,,,Sin CAMBIO_CONFIRMADO en la ventana,CAMBIO_CONFIRMADO en frame #2,False,17,FP estricto: Prototype Memory confirmo CAMBIO_CONFIRMADO sin GT cercano (ventana=3)
80,random_04,1214401775047277,FP_MEMORY,,7,,,Sin CAMBIO_CONFIRMADO en la ventana,CAMBIO_CONFIRMADO en frame #7,False,33,FP estricto: Prototype Memory confirmo CAMBIO_CONFIRMADO sin GT cercano (ventana=3)
81,random_04,716561775458958,FP_MEMORY,,62,,,CAMBIO_CONFIRMADO en frame #57,CAMBIO_CONFIRMADO en frame #62,False,60,FP estricto: Prototype Memory confirmo CAMBIO_CONFIRMADO sin GT cercano (ventana=3)
82,random_04,716561775458958,FP_MEMORY,,71,,,Sin CAMBIO_CONFIRMADO en la ventana,CAMBIO_CONFIRMADO en frame #71,False,38,FP estricto: Prototype Memory confirmo CAMBIO_CONFIRMADO sin GT cercano (ventana=3)
83,random_04,1866621775112847,FP_MEMORY,,3,,,Sin CAMBIO_CONFIRMADO en la ventana,CAMBIO_CONFIRMADO en frame #3,False,174,FP estricto: Prototype Memory confirmo CAMBIO_CONFIRMADO sin GT cercano (ventana=3)
84,random_04,1808801775184559,FP_MEMORY,,5,,,Sin CAMBIO_CONFIRMADO en la ventana,CAMBIO_CONFIRMADO en frame #5,False,58,FP estricto: Prototype Memory confirmo CAMBIO_CONFIRMADO sin GT cercano (ventana=3)
85,random_04,966681775121086,FP_MEMORY,,2,,,Sin CAMBIO_CONFIRMADO en la ventana,CAMBIO_CONFIRMADO en frame #2,False,13,FP estricto: Prototype Memory confirmo CAMBIO_CONFIRMADO sin GT cercano (ventana=3)
86,random_04,1245811775015664,FP_MEMORY,,7,,,Sin CAMBIO_CONFIRMADO en la ventana,CAMBIO_CONFIRMADO en frame #7,False,20,FP estricto: Prototype Memory confirmo CAMBIO_CONFIRMADO sin GT cercano (ventana=3)
87,random_04,1214301775622904,FP_MEMORY,,101,,,Sin CAMBIO_CONFIRMADO en la ventana,CAMBIO_CONFIRMADO en frame #101,False,36,FP estricto: Prototype Memory confirmo CAMBIO_CONFIRMADO sin GT cercano (ventana=3)
88,random_04,1866661775098621,FP_MEMORY,,2,,,Sin CAMBIO_CONFIRMADO en la ventana,CAMBIO_CONFIRMADO en frame #2,False,17,FP estricto: Prototype Memory confirmo CAMBIO_CONFIRMADO sin GT cercano (ventana=3)
89,random_04,1866851775062800,FP_MEMORY,,6,,,Sin CAMBIO_CONFIRMADO en la ventana,CAMBIO_CONFIRMADO en frame #6,False,28,FP estricto: Prototype Memory confirmo CAMBIO_CONFIRMADO sin GT cercano (ventana=3)
90,random_04,1648901775057795,FP_MEMORY,,8,,,Sin CAMBIO_CONFIRMADO en la ventana,CAMBIO_CONFIRMADO en frame #8,False,22,FP estricto: Prototype Memory confirmo CAMBIO_CONFIRMADO sin GT cercano (ventana=3)
91,random_04,1821221775166354,FP_MEMORY,,2,,,Sin CAMBIO_CONFIRMADO en la ventana,CAMBIO_CONFIRMADO en frame #2,False,27,FP estricto: Prototype Memory confirmo CAMBIO_CONFIRMADO sin GT cercano (ventana=3)
92,random_04,716151776523235,FP_MEMORY,,3,,,Sin CAMBIO_CONFIRMADO en la ventana,CAMBIO_CONFIRMADO en frame #3,False,27,FP estricto: Prototype Memory confirmo CAMBIO_CONFIRMADO sin GT cercano (ventana=3)
93,random_04,1821231775089655,FP_MEMORY,,4,,,Sin CAMBIO_CONFIRMADO en la ventana,CAMBIO_CONFIRMADO en frame #4,False,84,FP estricto: Prototype Memory confirmo CAMBIO_CONFIRMADO sin GT cercano (ventana=3)
94,random_04,716131775294644,FP_MEMORY,,16,,,Sin CAMBIO_CONFIRMADO en la ventana,CAMBIO_CONFIRMADO en frame #16,False,21,FP estricto: Prototype Memory confirmo CAMBIO_CONFIRMADO sin GT cercano (ventana=3)
95,random_04,1848401776375047,FP_MEMORY,,2,,,Sin CAMBIO_CONFIRMADO en la ventana,CAMBIO_CONFIRMADO en frame #2,False,20,FP estricto: Prototype Memory confirmo CAMBIO_CONFIRMADO sin GT cercano (ventana=3)
96,random_04,1808751775132978,FP_MEMORY,,32,,,Sin CAMBIO_CONFIRMADO en la ventana,CAMBIO_CONFIRMADO en frame #32,False,53,FP estricto: Prototype Memory confirmo CAMBIO_CONFIRMADO sin GT cercano (ventana=3)
97,random_04,1808751775132978,FP_MEMORY,,35,,,Sin CAMBIO_CONFIRMADO en la ventana,CAMBIO_CONFIRMADO en frame #35,False,20,FP estricto: Prototype Memory confirmo CAMBIO_CONFIRMADO sin GT cercano (ventana=3)
98,random_04,1866991775055199,FP_MEMORY,,60,,,Sin CAMBIO_CONFIRMADO en la ventana,CAMBIO_CONFIRMADO en frame #60,False,16,FP estricto: Prototype Memory confirmo CAMBIO_CONFIRMADO sin GT cercano (ventana=3)
99,random_04,1808781775175012,FP_MEMORY,,3,,,Sin CAMBIO_CONFIRMADO en la ventana,CAMBIO_CONFIRMADO en frame #3,False,18,FP estricto: Prototype Memory confirmo CAMBIO_CONFIRMADO sin GT cercano (ventana=3)
100,random_04,1808781775175012,FP_MEMORY,,56,,,Sin CAMBIO_CONFIRMADO en la ventana,CAMBIO_CONFIRMADO en frame #56,False,22,FP estricto: Prototype Memory confirmo CAMBIO_CONFIRMADO sin GT cercano (ventana=3)
101,random_04,1867461776487856,FP_MEMORY,,263,,,CAMBIO_CONFIRMADO en frame #267,CAMBIO_CONFIRMADO en frame #263,False,31,FP estricto: Prototype Memory confirmo CAMBIO_CONFIRMADO sin GT cercano (ventana=3)
102,random_04,1808771775153637,FP_MEMORY,,18,,,Sin CAMBIO_CONFIRMADO en la ventana,CAMBIO_CONFIRMADO en frame #18,False,53,FP estricto: Prototype Memory confirmo CAMBIO_CONFIRMADO sin GT cercano (ventana=3)
103,random_04,712671775294963,FP_MEMORY,,47,,,Sin CAMBIO_CONFIRMADO en la ventana,CAMBIO_CONFIRMADO en frame #47,False,26,FP estricto: Prototype Memory confirmo CAMBIO_CONFIRMADO sin GT cercano (ventana=3)
104,random_04,716671775460854,FP_MEMORY,,51,,,Sin CAMBIO_CONFIRMADO en la ventana,CAMBIO_CONFIRMADO en frame #51,False,136,FP estricto: Prototype Memory confirmo CAMBIO_CONFIRMADO sin GT cercano (ventana=3)
105,random_04,1792431775157755,FP_MEMORY,,6,,,Sin CAMBIO_CONFIRMADO en la ventana,CAMBIO_CONFIRMADO en frame #6,False,22,FP estricto: Prototype Memory confirmo CAMBIO_CONFIRMADO sin GT cercano (ventana=3)
106,random_04,1888041775054341,FP_MEMORY,,14,,,Sin CAMBIO_CONFIRMADO en la ventana,CAMBIO_CONFIRMADO en frame #14,False,56,FP estricto: Prototype Memory confirmo CAMBIO_CONFIRMADO sin GT cercano (ventana=3)
107,random_04,716721775048243,FP_MEMORY,,72,,,Sin CAMBIO_CONFIRMADO en la ventana,CAMBIO_CONFIRMADO en frame #72,False,59,FP estricto: Prototype Memory confirmo CAMBIO_CONFIRMADO sin GT cercano (ventana=3)
108,random_04,1866471775409751,FP_MEMORY,,4,,,Sin CAMBIO_CONFIRMADO en la ventana,CAMBIO_CONFIRMADO en frame #4,False,15,FP estricto: Prototype Memory confirmo CAMBIO_CONFIRMADO sin GT cercano (ventana=3)
109,random_04,717021775128218,FP_MEMORY,,2,,,Sin CAMBIO_CONFIRMADO en la ventana,CAMBIO_CONFIRMADO en frame #2,False,16,FP estricto: Prototype Memory confirmo CAMBIO_CONFIRMADO sin GT cercano (ventana=3)
110,random_04,1661531775014601,FP_MEMORY,,5,,,Sin CAMBIO_CONFIRMADO en la ventana,CAMBIO_CONFIRMADO en frame #5,False,30,FP estricto: Prototype Memory confirmo CAMBIO_CONFIRMADO sin GT cercano (ventana=3)
111,random_04,1820971775041267,FP_MEMORY,,8,,,Sin CAMBIO_CONFIRMADO en la ventana,CAMBIO_CONFIRMADO en frame #8,False,41,FP estricto: Prototype Memory confirmo CAMBIO_CONFIRMADO sin GT cercano (ventana=3)
112,random_04,1866501775173371,FP_MEMORY,,172,,,Sin CAMBIO_CONFIRMADO en la ventana,CAMBIO_CONFIRMADO en frame #172,False,115,FP estricto: Prototype Memory confirmo CAMBIO_CONFIRMADO sin GT cercano (ventana=3)
113,random_04,1867461775421243,FP_MEMORY,,30,,,CAMBIO_CONFIRMADO en frame #29,CAMBIO_CONFIRMADO en frame #30,True,100,FP estricto: Prototype Memory confirmo CAMBIO_CONFIRMADO sin GT cercano (ventana=3)
114,random_04,1867461775421243,FP_MEMORY,,35,,,CAMBIO_CONFIRMADO en frame #29,CAMBIO_CONFIRMADO en frame #35,True,99,FP estricto: Prototype Memory confirmo CAMBIO_CONFIRMADO sin GT cercano (ventana=3)
115,random_04,1791731775213498,FP_MEMORY,,92,,,Sin CAMBIO_CONFIRMADO en la ventana,CAMBIO_CONFIRMADO en frame #92,False,15,FP estricto: Prototype Memory confirmo CAMBIO_CONFIRMADO sin GT cercano (ventana=3)
116,random_04,1791731775213498,FP_MEMORY,,96,,,Sin CAMBIO_CONFIRMADO en la ventana,CAMBIO_CONFIRMADO en frame #96,False,12,FP estricto: Prototype Memory confirmo CAMBIO_CONFIRMADO sin GT cercano (ventana=3)
117,reviewed_07,1211311783894610,CONFIRM_GT_SUSPECT,148.0,150,Identity_2,Identity_4,Sin CAMBIO_CONFIRMADO en la ventana,CAMBIO_CONFIRMADO en frame #150,False,82,"CAMBIO_CONFIRMADO matchea un evento GT_SUSPECT (delay=2, razon GT: ambiguous_1frame_glitch)"
118,reviewed_07,1066121784207580,TP_CONTROL,3.0,4,Identity_2,Identity_4,Sin CAMBIO_CONFIRMADO en la ventana,CAMBIO_CONFIRMADO en frame #4,False,86,Control: confirmacion correcta vs GT limpio (delay=1)
119,reviewed_07,1211261783900430,TP_CONTROL,80.0,78,Identity_1,Identity_2,CAMBIO_CONFIRMADO en frame #77,CAMBIO_CONFIRMADO en frame #78,True,21,Control: confirmacion correcta vs GT limpio (delay=-2)
120,reviewed_07,1211311784184210,TP_CONTROL,4.0,6,Identity_2,Identity_4,Sin CAMBIO_CONFIRMADO en la ventana,CAMBIO_CONFIRMADO en frame #6,False,58,Control: confirmacion correcta vs GT limpio (delay=2)
121,reviewed_07,1214051784411800,TP_CONTROL,208.0,209,Identity_3,Identity_1,Sin CAMBIO_CONFIRMADO en la ventana,CAMBIO_CONFIRMADO en frame #209,False,14,Control: confirmacion correcta vs GT limpio (delay=1)
122,reviewed_07,1214401783794570,TP_CONTROL,75.0,76,Identity_2,Identity_4,Sin CAMBIO_CONFIRMADO en la ventana,CAMBIO_CONFIRMADO en frame #76,False,166,Control: confirmacion correcta vs GT limpio (delay=1)
123,reviewed_07,1213801782959270,TP_CONTROL,178.0,179,Identity_2,Identity_6,Sin CAMBIO_CONFIRMADO en la ventana,CAMBIO_CONFIRMADO en frame #179,False,93,Control: confirmacion correcta vs GT limpio (delay=1)
124,reviewed_07,1065661783416050,TP_CONTROL,5.0,6,Identity_1,Identity_4,Sin CAMBIO_CONFIRMADO en la ventana,CAMBIO_CONFIRMADO en frame #6,False,154,Control: confirmacion correcta vs GT limpio (delay=1)
125,reviewed_07,1214371783089590,TP_CONTROL,52.0,55,Identity_2,Identity_1,Sin CAMBIO_CONFIRMADO en la ventana,CAMBIO_CONFIRMADO en frame #55,False,75,Control: confirmacion correcta vs GT limpio (delay=3)
126,reviewed_07,1065621784104400,TP_CONTROL,2.0,4,Identity_1,Identity_2,Sin CAMBIO_CONFIRMADO en la ventana,CAMBIO_CONFIRMADO en frame #4,False,98,Control: confirmacion correcta vs GT limpio (delay=2)
127,reviewed_07,1062841784698540,TP_CONTROL,27.0,29,Identity_1,Identity_3,Sin CAMBIO_CONFIRMADO en la ventana,CAMBIO_CONFIRMADO en frame #29,False,112,Control: confirmacion correcta vs GT limpio (delay=2)
128,random_04,1867131776405754,TP_CONTROL,13.0,16,Identity_1,Identity_3,Sin CAMBIO_CONFIRMADO en la ventana,CAMBIO_CONFIRMADO en frame #16,False,200,Control: confirmacion correcta vs GT limpio (delay=3)
129,random_04,1823901776450046,TP_CONTROL,122.0,124,Identity_1,Identity_2,Sin CAMBIO_CONFIRMADO en la ventana,CAMBIO_CONFIRMADO en frame #124,False,327,Control: confirmacion correcta vs GT limpio (delay=2)
130,random_04,716821775035356,TP_CONTROL,28.0,30,Identity_5,Identity_3,Sin CAMBIO_CONFIRMADO en la ventana,CAMBIO_CONFIRMADO en frame #30,False,70,Control: confirmacion correcta vs GT limpio (delay=2)
131,random_04,716821775367857,TP_CONTROL,11.0,14,Identity_6,Identity_4,Sin CAMBIO_CONFIRMADO en la ventana,CAMBIO_CONFIRMADO en frame #14,False,141,Control: confirmacion correcta vs GT limpio (delay=3)
132,random_04,1661531776393114,TP_CONTROL,99.0,100,Identity_2,Identity_3,Sin CAMBIO_CONFIRMADO en la ventana,CAMBIO_CONFIRMADO en frame #100,False,26,Control: confirmacion correcta vs GT limpio (delay=1)
