trip_id,gt_archivo,gt_timestamp,gt_prev_driver,gt_driver,decision_sistema,matched
711861775294902,71186_1775314235000_4.jpeg,2026-04-04 14:50:35,Identity_1,Identity_4,POSIBLE_CAMBIO,True
711901776485730,71190_1776525651000_4.jpeg,2026-04-18 15:20:51,Identity_1,Identity_2,POSIBLE_CAMBIO,True
712571776934598,71257_1776954416000_4.jpeg,2026-04-23 14:26:56,Identity_2,Identity_3,POSIBLE_CAMBIO,True
712671775294963,71267_1775298355000_4.jpeg,2026-04-04 10:25:55,Identity_2,Identity_3,POSIBLE_CAMBIO,True
715661775156715,71566_1775173762000_4.jpeg,2026-04-02 23:49:22,Identity_1,Identity_3,POSIBLE_CAMBIO,True
715661775156715,71566_1775173882000_4.jpeg,2026-04-02 23:51:22,Identity_3,Identity_1,POSIBLE_CAMBIO,True
716561775458958,71656_1775489107000_4.jpeg,2026-04-06 15:25:07,Identity_1,Identity_4,POSIBLE_CAMBIO,True
716671775240518,71667_1775255056000_4.jpeg,2026-04-03 22:24:16,Identity_1,Identity_3,POSIBLE_CAMBIO,True
716671775460854,71667_1775493792000_4.jpeg,2026-04-06 16:43:12,Identity_3,Identity_5,POSIBLE_CAMBIO,True
716681775216460,71668_1775232819000_4.jpeg,2026-04-03 16:13:39,Identity_1,Identity_5,POSIBLE_CAMBIO,True
716721775048243,71672_1775063846000_4.jpeg,2026-04-01 17:17:26,Identity_1,Identity_5,POSIBLE_CAMBIO,True
716741775357021,71674_1775402651000_4.jpeg,2026-04-05 15:24:11,Identity_1,Identity_5,POSIBLE_CAMBIO,True
716821775035356,71682_1775052315000_4.jpeg,2026-04-01 14:05:15,Identity_5,Identity_3,POSIBLE_CAMBIO,True
716821775101184,71682_1775142370000_4.jpeg,2026-04-02 15:06:10,Identity_2,Identity_6,POSIBLE_CAMBIO,True
716821775367857,71682_1775393388000_4.jpeg,2026-04-05 12:49:48,Identity_3,Identity_4,POSIBLE_CAMBIO,True
716941776342794,71694_1776353959000_4.jpeg,2026-04-16 15:39:19,Identity_2,Identity_1,POSIBLE_CAMBIO,True
716971776440402,71697_1776472259000_4.jpeg,2026-04-18 00:30:59,Identity_1,Identity_2,POSIBLE_CAMBIO,True
717111775209843,71711_1775224460000_4.jpeg,2026-04-03 13:54:20,Identity_2,Identity_3,POSIBLE_CAMBIO,True
1098641775295715,109864_1775319124000_4.jpeg,2026-04-04 16:12:04,Identity_2,Identity_3,POSIBLE_CAMBIO,True
1211501776318412,121150_1776353433000_4.jpeg,2026-04-16 15:30:33,Identity_1,Identity_3,POSIBLE_CAMBIO,True
1213801776293169,121380_1776351795000_4.jpeg,2026-04-16 15:03:15,Identity_4,Identity_6,POSIBLE_CAMBIO,True
1214301775622904,121430_1775644827000_4.jpeg,2026-04-08 10:40:27,Identity_1,Identity_3,POSIBLE_CAMBIO,True
1245811776333528,124581_1776352395000_4.jpeg,2026-04-16 15:13:15,Identity_2,Identity_4,POSIBLE_CAMBIO,True
1263951775102100,126395_1775140232000_4.jpeg,2026-04-02 14:30:32,Identity_2,Identity_3,POSIBLE_CAMBIO,True
1263951775102100,126395_1775143472000_4.jpeg,2026-04-02 15:24:32,Identity_3,Identity_4,POSIBLE_CAMBIO,True
1263951775102100,126395_1775143712000_4.jpeg,2026-04-02 15:28:32,Identity_4,Identity_3,POSIBLE_CAMBIO,True
1264001776343000,126400_1776352552000_4.jpeg,2026-04-16 15:15:52,Identity_1,Identity_2,MISMO_CONDUCTOR,False
1264301776337759,126430_1776358739000_4.jpeg,2026-04-16 16:58:59,Identity_2,Identity_1,POSIBLE_CAMBIO,True
1264401775111741,126440_1775143386000_4.jpeg,2026-04-02 15:23:06,Identity_1,Identity_3,POSIBLE_CAMBIO,True
1264401776323964,126440_1776351685000_4.jpeg,2026-04-16 15:01:25,Identity_2,Identity_5,POSIBLE_CAMBIO,True
1480061776493298,148006_1776529634000_4.jpeg,2026-04-18 16:27:14,Identity_1,Identity_5,POSIBLE_CAMBIO,True
1480091776346277,148009_1776370396000_4.jpeg,2026-04-16 20:13:16,Identity_3,Identity_2,POSIBLE_CAMBIO,True
1480091776346277,148009_1776370756000_4.jpeg,2026-04-16 20:19:16,Identity_2,Identity_3,POSIBLE_CAMBIO,True
1592541775299388,159254_1775320753000_4.jpeg,2026-04-04 16:39:13,Identity_3,Identity_4,POSIBLE_CAMBIO,True
1592541776929343,159254_1776956936000_4.jpeg,2026-04-23 15:08:56,Identity_1,Identity_2,POSIBLE_CAMBIO,True
1649021776287989,164902_1776310439000_4.jpeg,2026-04-16 03:33:59,Identity_1,Identity_4,POSIBLE_CAMBIO,True
1649021776920576,164902_1776951830000_4.jpeg,2026-04-23 13:43:50,Identity_2,Identity_3,POSIBLE_CAMBIO,True
1661531776393114,166153_1776407099000_4.jpeg,2026-04-17 06:24:59,Identity_2,Identity_3,POSIBLE_CAMBIO,True
1716901776394050,171690_1776440427000_4.jpeg,2026-04-17 15:40:27,Identity_2,Identity_5,POSIBLE_CAMBIO,True
1719041775097109,171904_1775145422000_4.jpeg,2026-04-02 15:57:02,Identity_1,Identity_2,POSIBLE_CAMBIO,True
1720931776812697,172093_1777488967000_4.jpeg,2026-04-29 18:56:07,Identity_1,Identity_2,POSIBLE_CAMBIO,True
1791321775188320,179132_1775229482000_4.jpeg,2026-04-03 15:18:02,Identity_1,Identity_3,CAMBIO_CONFIRMADO,True
1791321775188320,179132_1775522960000_4.jpeg,2026-04-07 00:49:20,Identity_3,Identity_10,POSIBLE_CAMBIO,True
1791321775188320,179132_1775573406000_4.jpeg,2026-04-07 14:50:06,Identity_10,Identity_3,POSIBLE_CAMBIO,True
1791681775136380,179168_1775166018000_4.jpeg,2026-04-02 21:40:18,Identity_2,Identity_1,CAMBIO_CONFIRMADO,True
1791781776299254,179178_1776316199000_4.jpeg,2026-04-16 05:09:59,Identity_1,Identity_4,POSIBLE_CAMBIO,True
1792391776441788,179239_1776451014000_4.jpeg,2026-04-17 18:36:54,Identity_3,Identity_2,POSIBLE_CAMBIO,True
1804461776934918,180446_1776962868000_4.jpeg,2026-04-23 16:47:48,Identity_1,Identity_2,POSIBLE_CAMBIO,True
1804461776934918,180446_1776980928000_4.jpeg,2026-04-23 21:48:48,Identity_2,Identity_1,POSIBLE_CAMBIO,True
1808471775015102,180847_1775062003000_4.jpeg,2026-04-01 16:46:43,Identity_5,Identity_1,POSIBLE_CAMBIO,True
1808471776608491,180847_1776616029000_4.jpeg,2026-04-19 16:27:09,Identity_4,Identity_5,POSIBLE_CAMBIO,True
1808601776349812,180860_1776355173000_4.jpeg,2026-04-16 15:59:33,Identity_3,Identity_2,POSIBLE_CAMBIO,True
1808721776629184,180872_1776653254000_4.jpeg,2026-04-20 02:47:34,Identity_1,Identity_2,POSIBLE_CAMBIO,True
1808751776300482,180875_1776322129000_4.jpeg,2026-04-16 06:48:49,Identity_1,Identity_2,POSIBLE_CAMBIO,True
1808751776748628,180875_1776769986000_4.jpeg,2026-04-21 11:13:06,Identity_2,Identity_4,POSIBLE_CAMBIO,True
1808751776780443,180875_1776788226000_4.jpeg,2026-04-21 16:17:06,Identity_1,Identity_3,POSIBLE_CAMBIO,True
1808751776932669,180875_1776948886000_4.jpeg,2026-04-23 12:54:46,Identity_1,Identity_2,POSIBLE_CAMBIO,True
1808771775234293,180877_1775254521000_4.jpeg,2026-04-03 22:15:21,Identity_1,Identity_4,POSIBLE_CAMBIO,True
1808801775053266,180880_1775060524000_4.jpeg,2026-04-01 16:22:04,Identity_1,Identity_2,POSIBLE_CAMBIO,True
1808801775077476,180880_1775097959000_4.jpeg,2026-04-02 02:45:59,Identity_1,Identity_4,POSIBLE_CAMBIO,True
1808801775184559,180880_1775218448000_4.jpeg,2026-04-03 12:14:08,Identity_1,Identity_5,POSIBLE_CAMBIO,True
1808801776319729,180880_1776343891000_4.jpeg,2026-04-16 12:51:31,Identity_1,Identity_3,POSIBLE_CAMBIO,True
1808801776319729,180880_1776349471000_4.jpeg,2026-04-16 14:24:31,Identity_3,Identity_1,POSIBLE_CAMBIO,True
1808801776356704,180880_1776375879000_4.jpeg,2026-04-16 21:44:39,Identity_2,Identity_3,POSIBLE_CAMBIO,True
1808801776356704,180880_1776386999000_4.jpeg,2026-04-17 00:49:59,Identity_3,Identity_2,POSIBLE_CAMBIO,True
1808801776356704,180880_1776388199000_4.jpeg,2026-04-17 01:09:59,Identity_2,Identity_3,POSIBLE_CAMBIO,True
1808801776936687,180880_1776947281000_4.jpeg,2026-04-23 12:28:01,Identity_1,Identity_2,POSIBLE_CAMBIO,True
1808801776936687,180880_1776958321000_4.jpeg,2026-04-23 15:32:01,Identity_2,Identity_1,POSIBLE_CAMBIO,True
1808801776936687,180880_1776961621000_4.jpeg,2026-04-23 16:27:01,Identity_1,Identity_2,POSIBLE_CAMBIO,True
1823901776450046,182390_1776512099000_4.jpeg,2026-04-18 11:34:59,Identity_1,Identity_2,POSIBLE_CAMBIO,True
1829581775081090,182958_1775119679000_4.jpeg,2026-04-02 08:47:59,Identity_1,Identity_2,POSIBLE_CAMBIO,True
1829661775100421,182966_1775110020000_4.jpeg,2026-04-02 06:07:00,Identity_1,Identity_2,POSIBLE_CAMBIO,True
1829671776299266,182967_1776303000000_4.jpeg,2026-04-16 01:30:00,Identity_1,Identity_2,POSIBLE_CAMBIO,True
1829671776299266,182967_1776338460000_4.jpeg,2026-04-16 11:21:00,Identity_2,Identity_1,POSIBLE_CAMBIO,True
1849501776351238,184950_1776385565000_4.jpeg,2026-04-17 00:26:05,Identity_1,Identity_2,POSIBLE_CAMBIO,True
1849501776351238,184950_1776449808000_4.jpeg,2026-04-17 18:16:48,Identity_2,Identity_6,POSIBLE_CAMBIO,True
1866531776371445,186653_1776376042000_4.jpeg,2026-04-16 21:47:22,Identity_1,Identity_2,POSIBLE_CAMBIO,True
1866531776513285,186653_1776519937000_4.jpeg,2026-04-18 13:45:37,Identity_1,Identity_2,POSIBLE_CAMBIO,True
1866601776657089,186660_1776701729000_4.jpeg,2026-04-20 16:15:29,Identity_1,Identity_2,POSIBLE_CAMBIO,True
1866601776657089,186660_1776709769000_4.jpeg,2026-04-20 18:29:29,Identity_2,Identity_1,POSIBLE_CAMBIO,True
1866611775119512,186661_1775137050000_4.jpeg,2026-04-02 13:37:30,Identity_1,Identity_4,POSIBLE_CAMBIO,True
1867131776405754,186713_1776437316000_4.jpeg,2026-04-17 14:48:36,Identity_2,Identity_3,POSIBLE_CAMBIO,True
1867151775185070,186715_1775232942000_4.jpeg,2026-04-03 16:15:42,Identity_2,Identity_5,POSIBLE_CAMBIO,True
1867391776320623,186739_1776347582000_4.jpeg,2026-04-16 13:53:02,Identity_1,Identity_2,POSIBLE_CAMBIO,True
1888041776316680,188804_1776337376000_4.jpeg,2026-04-16 11:02:56,Identity_2,Identity_1,POSIBLE_CAMBIO,True
